{
  "q_table": {
    "(0, 0, 0, 0)": [
      0.83619647,
      0.24148372
    ],
    "(0, 0, 1, 1)": [
      0.47242572,
      0.0
    ],
    "(2, 0, 0, 1)": [
      0.1,
      0.0
    ],
    "(1, 0, 1, 1)": [
      0.0931,
      0.0
    ],
    "(1, 1, 0, 0)": [
      0.35312283,
      0.87159665
    ],
    "(1, 0, 0, 1)": [
      0.05898,
      0.0219682
    ],
    "(0, 0, 0, 2)": [
      0.0094,
      0.0
    ],
    "(2, 2, 0, 0)": [
      1.55476232,
      0.64789169
    ],
    "(2, 1, 0, 1)": [
      0.0,
      0.58519851
    ],
    "(1, 1, 0, 2)": [
      0.0099,
      0.07493715
    ],
    "(1, 1, 0, 1)": [
      0.0,
      0.4900995
    ],
    "(0, 0, 0, 1)": [
      0.61392714,
      0.10208139
    ],
    "(1, 0, 1, 0)": [
      0.0175708,
      0.06364721
    ],
    "(2, 2, 1, 0)": [
      0.4900995,
      0.0
    ],
    "(2, 2, 0, 1)": [
      3.27004148,
      1.00114418
    ],
    "(0, 2, 0, 1)": [
      0.3940399,
      0.1267309
    ],
    "(2, 1, 1, 0)": [
      0.29701,
      0.0
    ],
    "(1, 1, 1, 1)": [
      0.67934652,
      0.0
    ],
    "(2, 0, 0, 0)": [
      0.3940399,
      0.0
    ]
  },
  "epsilon": 0.1140186353151828,
  "episode_count": 193,
  "total_reward": 140.42579999999998,
  "alpha": 0.1,
  "gamma": 0.9,
  "epsilon_min": 0.05,
  "epsilon_decay": 0.995
}