{
  "q_table": {
    "(0, 0, 0, 0)": [
      0.46029399,
      0.09219072
    ],
    "(0, 0, 1, 1)": [
      0.47242572,
      0.0
    ],
    "(2, 0, 0, 1)": [
      0.1,
      0.0
    ],
    "(1, 0, 1, 1)": [
      0.0931,
      0.0
    ],
    "(1, 1, 0, 0)": [
      0.0368482,
      0.59217484
    ],
    "(1, 0, 0, 1)": [
      0.05898,
      0.0219682
    ],
    "(0, 0, 0, 2)": [
      0.0094,
      0.0
    ],
    "(2, 2, 0, 0)": [
      1.55476232,
      0.64789169
    ],
    "(2, 1, 0, 1)": [
      0.0,
      0.1
    ],
    "(1, 1, 0, 2)": [
      0.0099,
      0.07493715
    ],
    "(1, 1, 0, 1)": [
      0.0,
      0.4900995
    ],
    "(0, 0, 0, 1)": [
      0.13020918,
      0.10208139
    ],
    "(1, 0, 1, 0)": [
      0.0175708,
      0.06364721
    ],
    "(2, 2, 1, 0)": [
      0.4900995,
      0.0
    ],
    "(2, 2, 0, 1)": [
      2.09595737,
      0.73061265
    ],
    "(0, 2, 0, 1)": [
      0.3940399,
      0.1267309
    ],
    "(2, 1, 1, 0)": [
      0.29701,
      0.0
    ],
    "(1, 1, 1, 1)": [
      0.199,
      0.0
    ],
    "(2, 0, 0, 0)": [
      0.3940399,
      0.0
    ]
  },
  "epsilon": 0.1407364031203731,
  "episode_count": 151,
  "total_reward": 98.42579999999998,
  "alpha": 0.1,
  "gamma": 0.9,
  "epsilon_min": 0.05,
  "epsilon_decay": 0.995
}