{
  "version": "4",
  "q_table": {
    "(1, 1, 2, 1, 0)": [
      0.76318678,
      0.2979803
    ],
    "(1, 2, 2, 3, 1)": [
      0.199,
      0.0
    ],
    "(1, 2, 0, 0, 1)": [
      0.199,
      0.0
    ],
    "(1, 1, 0, 2, 1)": [
      -0.1,
      0.1
    ],
    "(0, 0, 0, 2, 1)": [
      0.199,
      0.0
    ],
    "(0, 0, 2, 1, 1)": [
      0.0,
      0.0
    ],
    "(2, 2, 1, 2, 0)": [
      -0.1,
      0.1
    ],
    "(1, 1, 2, 2, 0)": [
      0.3940399,
      0.0
    ],
    "(0, 0, 1, 2, 0)": [
      -0.1,
      0.95617924
    ],
    "(1, 1, 0, 1, 0)": [
      0.30671299,
      0.0
    ],
    "(0, 0, 2, 2, 0)": [
      0.0,
      0.0
    ],
    "(2, 1, 1, 3, 0)": [
      0.0,
      0.0
    ],
    "(1, 2, 1, 0, 0)": [
      0.4900995,
      0.0
    ],
    "(1, 1, 1, 1, 0)": [
      0.0,
      0.4900995
    ],
    "(2, 2, 1, 1, 1)": [
      0.0,
      0.58519851
    ],
    "(0, 1, 1, 3, 1)": [
      0.1,
      0.0
    ],
    "(1, 1, 1, 2, 1)": [
      0.0,
      0.3940399
    ],
    "(2, 1, 2, 0, 1)": [
      0.0,
      0.0
    ],
    "(2, 1, 0, 0, 0)": [
      0.0,
      0.199
    ],
    "(2, 2, 2, 0, 1)": [
      0.1,
      0.0
    ],
    "(1, 1, 0, 2, 0)": [
      0.0,
      0.29701
    ],
    "(1, 1, 1, 3, 0)": [
      0.0,
      0.199
    ],
    "(2, 1, 2, 0, 0)": [
      0.0,
      0.199
    ],
    "(2, 2, 2, 2, 1)": [
      0.0,
      0.0
    ],
    "(0, 0, 1, 1, 0)": [
      0.0,
      0.199
    ],
    "(2, 2, 2, 1, 1)": [
      0.0,
      0.199
    ],
    "(2, 2, 2, 2, 0)": [
      0.20791,
      0.1
    ],
    "(2, 2, 2, 1, 0)": [
      0.3940399,
      0.0
    ],
    "(0, 0, 2, 1, 0)": [
      0.0,
      0.77255305
    ],
    "(2, 2, 0, 1, 0)": [
      0.0,
      0.199
    ],
    "(2, 2, 1, 0, 1)": [
      0.199,
      0.0
    ],
    "(2, 0, 0, 0, 1)": [
      0.0,
      0.0
    ],
    "(1, 2, 1, 3, 0)": [
      0.0,
      0.29701
    ],
    "(1, 1, 2, 1, 1)": [
      0.0,
      0.0
    ],
    "(1, 2, 2, 3, 0)": [
      0.0,
      0.199
    ]
  },
  "epsilon": 0.052426800477098606,
  "episode_count": 421,
  "total_reward": 301.5145999999999,
  "alpha": 0.1,
  "gamma": 0.9,
  "epsilon_min": 0.05,
  "epsilon_decay": 0.995
}